recipe_id,recipe_name,meal_type,cuisine,servings,prep_time_min,n_ingredients,total_grams,is_vegan,is_vegetarian,is_gluten_free,cost_usd,cost_usd_shock,co2e_kg,water_l,kcal,protein_g,carb_g,fat_g,fiber_g,sugars_g,satfat_g,sodium_mg,calcium_mg,iron_mg,potassium_mg,zinc_mg,magnesium_mg,vitd_ug,vitc_mg,b12_ug
1,Banana oat bowl with almonds,breakfast,British,1,5,5,500,True,True,True,1.6067,1.7257,0.7418,453.4,739.15,24.94,116.08,22.43,15.84,34.85,2.6,126.15,442.85,6.13,1275.45,5.11,264.75,3.75,10.44,2.5
2,Banana oat bowl with walnuts,breakfast,British,1,15,5,500,True,True,True,1.7005,1.8194,0.6418,403.4,767.9,19.46,119.32,26.33,15.89,33.54,3.17,108.9,392.6,5.88,1222.45,5.45,229.25,6.0,10.76,0.95
3,Banana oat bowl with peanut butter,breakfast,British,1,10,5,500,True,True,True,1.6757,1.877,0.3685,1229.8,673.9,19.7,107.25,21.51,13.96,29.28,3.92,192.65,540.35,5.29,1094.2,4.45,216.75,3.25,10.44,1.25
4,Banana oat bowl with chia seeds,breakfast,British,1,10,5,500,True,True,True,1.5677,1.5677,0.746,387.5,715.9,23.78,121.22,17.63,21.31,33.76,2.48,129.9,533.35,7.13,1193.95,5.47,281.0,3.75,10.84,2.5
5,Banana oat bowl with sunflower seeds,breakfast,British,1,25,5,500,True,True,True,1.7327,1.7327,0.746,387.5,667.9,19.59,105.39,21.39,15.61,25.79,2.5,110.65,428.85,6.49,1263.45,5.75,274.75,4.38,10.79,1.23
6,Apple oat bowl with almonds,breakfast,British,1,5,5,500,True,True,True,1.6067,1.7257,0.7418,453.4,694.75,23.94,105.25,22.24,15.59,32.64,2.5,126.15,444.05,5.96,974.25,4.97,238.35,3.75,5.52,2.5
7,Apple oat bowl with walnuts,breakfast,British,1,15,5,500,True,True,True,1.6067,1.7257,0.7418,453.4,713.5,22.46,103.29,26.06,14.14,32.21,3.08,126.4,401.3,5.76,901.25,4.97,210.35,3.75,5.84,2.5
8,Apple oat bowl with peanut butter,breakfast,British,1,5,5,500,True,True,True,1.6757,1.877,0.3685,1229.8,629.5,18.71,96.41,21.32,13.72,27.08,3.81,192.65,541.55,5.12,793.0,4.32,190.35,3.25,5.52,1.25
9,Apple oat bowl with chia seeds,breakfast,British,1,15,5,500,True,True,True,1.7327,1.7327,0.746,387.5,599.0,17.54,100.09,16.02,21.82,22.93,2.12,112.4,568.3,6.94,902.75,5.51,250.85,4.38,5.92,1.23
10,Apple oat bowl with sunflower seeds,breakfast,British,1,25,5,500,True,True,True,1.7327,1.7327,0.746,387.5,623.5,18.6,94.56,21.2,15.37,23.58,2.4,110.65,430.05,6.32,962.25,5.62,248.35,4.38,5.87,1.23
11,Blueberries oat bowl with almonds,breakfast,British,1,30,5,500,True,True,True,1.7277,2.0479,0.3493,1286.8,630.75,19.02,97.04,21.16,15.59,25.02,2.18,188.65,596.55,5.81,800.75,4.62,217.05,3.25,11.64,1.25
12,Blueberries oat bowl with walnuts,breakfast,British,1,15,5,500,True,True,True,1.7717,1.8907,0.7418,453.4,647.0,17.79,93.8,24.83,14.89,23.06,2.82,108.9,435.05,5.93,875.25,5.29,207.8,4.38,11.96,1.23
13,Blueberries oat bowl with peanut butter,breakfast,British,1,10,5,500,True,True,True,1.5547,1.5547,0.761,396.3,705.5,24.78,106.25,22.79,13.72,33.66,4.13,130.15,389.05,5.66,894.5,4.97,214.05,3.75,11.64,2.5
14,Blueberries oat bowl with chia seeds,breakfast,British,1,20,5,500,True,True,True,1.7327,1.7327,0.746,387.5,675.0,25.61,106.65,17.96,20.57,28.66,2.62,212.4,568.3,7.13,866.75,5.66,252.05,4.38,12.04,1.23
15,Blueberries oat bowl with sunflower seeds,breakfast,British,1,10,5,500,True,True,True,1.6615,1.6615,0.646,337.5,712.0,20.42,110.87,22.89,16.12,30.82,2.65,110.65,388.8,6.49,936.25,5.94,245.8,6.0,11.99,0.95
16,Strawberries oat bowl with almonds,breakfast,British,1,20,5,500,True,True,True,1.7277,2.0479,0.3493,1286.8,600.75,18.93,88.86,21.12,15.12,18.94,2.17,188.65,608.55,5.96,891.95,4.59,225.45,3.25,70.56,1.25
17,Strawberries oat bowl with walnuts,breakfast,British,1,10,5,500,True,True,True,1.6067,1.7257,0.7418,453.4,689.5,22.95,95.93,26.21,13.67,25.61,3.06,126.4,413.3,6.11,956.45,5.09,219.95,3.75,70.88,2.5
18,Strawberries oat bowl with peanut butter,breakfast,British,1,10,5,500,True,True,True,1.7197,1.7197,0.761,396.3,673.0,26.95,93.53,23.08,12.74,25.2,4.35,212.65,434.8,5.79,995.7,5.12,218.7,4.38,70.56,1.23
19,Strawberries oat bowl with chia seeds,breakfast,British,1,20,5,500,True,True,True,1.6615,1.6615,0.646,337.5,657.5,19.28,108.23,17.67,22.09,24.08,2.35,112.4,539.05,7.26,967.95,5.81,256.7,6.0,70.96,0.95
20,Strawberries oat bowl with sunflower seeds,breakfast,British,1,15,5,500,True,True,True,1.7327,1.7327,0.746,387.5,599.5,19.09,87.2,21.35,14.89,16.98,2.38,110.65,442.05,6.67,1017.45,5.74,257.95,4.38,70.91,1.23
21,Mango oat bowl with almonds,breakfast,British,1,30,5,500,True,True,True,1.6067,1.7257,0.7418,453.4,704.35,24.61,106.65,22.49,14.63,36.56,2.57,126.15,450.05,6.01,1047.45,5.03,244.35,3.75,43.68,2.5
22,Mango oat bowl with walnuts,breakfast,British,1,10,5,500,True,True,True,1.7717,1.8907,0.7418,453.4,650.6,17.88,94.39,24.89,13.94,27.5,2.89,108.9,441.05,5.79,984.45,5.2,212.6,4.38,44.01,1.23
23,Mango oat bowl with peanut butter,breakfast,British,1,10,5,500,True,True,True,1.7197,1.7197,0.761,396.3,706.6,27.13,102.29,23.17,12.26,35.72,4.44,212.65,428.8,5.49,1013.7,5.06,215.1,4.38,43.68,1.23
24,Mango oat bowl with chia seeds,breakfast,British,1,15,5,500,True,True,True,1.7327,1.7327,0.746,387.5,608.6,18.21,101.49,16.27,20.86,26.85,2.19,112.4,574.3,6.99,975.95,5.57,256.85,4.38,44.08,1.23
25,Mango oat bowl with sunflower seeds,breakfast,British,1,20,5,500,True,True,True,1.7327,1.7327,0.746,387.5,633.1,19.27,95.96,21.45,14.41,27.51,2.47,110.65,436.05,6.37,1035.45,5.68,254.35,4.38,44.03,1.23
26,Orange oat bowl with almonds,breakfast,British,1,15,5,500,True,True,True,1.7717,1.8907,0.7418,453.4,616.25,19.51,92.47,20.75,16.34,22.77,2.22,107.45,518.6,5.91,1073.05,5.19,240.6,4.38,63.84,1.23
27,Orange oat bowl with walnuts,breakfast,British,1,5,5,500,True,True,True,1.6067,1.7257,0.7418,453.4,707.5,23.28,100.81,26.0,14.14,30.96,3.06,125.2,442.1,5.74,990.05,5.0,216.35,3.75,64.17,2.5
28,Orange oat bowl with peanut butter,breakfast,British,1,15,5,500,True,True,True,1.6757,1.877,0.3685,1229.8,623.5,19.52,93.94,21.26,13.72,25.83,3.8,191.45,582.35,5.1,881.8,4.36,196.35,3.25,63.84,1.25
29,Orange oat bowl with chia seeds,breakfast,British,1,15,5,500,True,True,True,1.5677,1.5677,0.746,387.5,665.5,23.6,107.92,17.38,21.07,30.3,2.36,128.7,575.35,6.94,981.55,5.38,260.6,3.75,64.24,2.5
30,Orange oat bowl with sunflower seeds,breakfast,British,1,25,5,500,True,True,True,1.5677,1.5677,0.746,387.5,690.0,24.66,102.39,22.56,14.62,30.96,2.64,126.95,437.1,6.32,1041.05,5.48,258.1,3.75,64.19,2.5
31,Dates oat bowl with almonds,breakfast,British,1,30,5,500,True,True,True,1.7005,1.8194,0.6418,403.4,974.75,21.8,183.84,22.29,22.25,99.06,2.45,108.65,506.15,6.85,1701.05,5.8,289.65,6.0,0.0,0.95
32,Dates oat bowl with walnuts,breakfast,British,1,10,5,500,True,True,True,1.7005,1.8194,0.6418,403.4,993.5,20.32,181.88,26.11,20.8,98.63,3.03,108.9,463.4,6.65,1628.05,5.8,261.65,6.0,0.33,0.95
33,Dates oat bowl with peanut butter,breakfast,British,1,20,5,500,True,True,True,1.6485,1.6485,0.661,346.3,979.5,22.07,184.03,22.65,20.38,100.6,4.08,112.65,451.15,6.36,1657.3,5.65,264.15,6.0,0.0,0.95
34,Dates oat bowl with chia seeds,breakfast,British,1,15,5,500,True,True,True,1.6887,1.89,0.3535,1221.0,871.5,19.15,174.76,16.14,26.23,91.75,2.03,192.4,756.65,7.55,1462.05,5.32,290.9,3.25,0.4,1.25
35,Dates oat bowl with sunflower seeds,breakfast,British,1,10,5,500,True,True,True,1.5677,1.5677,0.746,387.5,966.0,25.71,178.25,22.6,19.78,99.5,2.63,128.15,465.9,7.28,1659.05,5.92,310.9,3.75,0.35,2.5
36,Raisins oat bowl with almonds,breakfast,British,1,15,5,500,True,True,True,1.7717,1.8907,0.7418,453.4,918.65,22.34,173.56,20.91,18.86,89.76,2.31,138.65,545.0,7.94,1748.65,5.53,271.8,4.38,2.76,1.23
37,Raisins oat bowl with walnuts,breakfast,British,1,30,5,500,True,True,True,1.7277,2.0479,0.3493,1286.8,939.9,20.61,172.87,24.88,16.66,90.85,2.84,218.9,621.0,7.42,1528.15,4.85,225.05,3.25,3.08,1.25
38,Raisins oat bowl with peanut butter,breakfast,British,1,15,5,500,True,True,True,1.7197,1.7197,0.761,396.3,993.4,30.1,179.5,23.02,15.74,97.55,4.44,242.65,490.0,7.45,1704.9,5.38,246.3,4.38,2.76,1.23
39,Raisins oat bowl with chia seeds,breakfast,British,1,15,5,500,True,True,True,1.7327,1.7327,0.746,387.5,895.4,21.19,178.7,16.11,24.34,88.68,2.2,142.4,635.5,8.94,1667.15,5.9,288.05,4.38,3.16,1.23
40,Raisins oat bowl with sunflower seeds,breakfast,British,1,5,5,500,True,True,True,1.6615,1.6615,0.646,337.5,1002.4,23.5,188.67,22.79,18.64,97.08,2.73,140.65,456.0,8.3,1736.65,6.18,281.8,6.0,3.11,0.95
41,Fortified cereal with banana,breakfast,British,1,15,4,430,True,True,False,1.9448,2.04,0.6426,391.6,530.7,20.64,87.21,14.71,8.24,22.23,1.5,121.1,564.3,21.07,1018.4,2.84,205.5,6.27,8.7,6.52
42,Fortified cereal with blueberries,breakfast,British,1,5,4,430,True,True,False,1.9448,2.04,0.6426,391.6,498.7,20.29,78.86,14.71,8.04,19.96,1.42,121.1,565.3,21.09,737.4,2.85,184.5,6.27,9.7,6.52
43,Fortified cereal with strawberries,breakfast,British,1,20,4,430,True,True,False,1.9448,2.04,0.6426,391.6,473.7,20.22,72.05,14.68,7.64,14.88,1.41,121.1,575.3,21.22,813.4,2.83,191.5,6.27,58.8,6.52
44,Fortified cereal with raisins,breakfast,British,1,25,4,430,True,True,False,1.9448,2.04,0.6426,391.6,740.7,22.85,143.69,14.63,10.14,75.18,1.49,146.1,621.3,22.6,1404.4,3.05,214.5,6.27,2.3,6.52
45,Fortified cereal with mango,breakfast,British,1,15,4,430,True,True,False,1.9448,2.04,0.6426,391.6,501.7,20.37,79.35,14.76,7.24,23.66,1.48,121.1,570.3,20.97,828.4,2.78,188.5,6.27,36.4,6.52
46,Fortified gluten-free cereal with banana,breakfast,British,1,10,4,430,True,True,True,1.9088,2.004,0.7986,487.6,553.5,15.6,93.33,14.29,6.62,22.23,1.46,120.5,564.3,18.85,877.4,2.04,133.5,6.27,8.7,6.52
47,Fortified gluten-free cereal with blueberries,breakfast,British,1,15,4,430,True,True,True,1.9088,2.004,0.7986,487.6,521.5,15.25,84.98,14.29,6.42,19.96,1.38,120.5,565.3,18.87,596.4,2.05,112.5,6.27,9.7,6.52
48,Fortified gluten-free cereal with strawberries,breakfast,British,1,20,4,430,True,True,True,1.9088,2.004,0.7986,487.6,496.5,15.18,78.17,14.26,6.02,14.88,1.37,120.5,575.3,19.0,672.4,2.03,119.5,6.27,58.8,6.52
49,Fortified gluten-free cereal with raisins,breakfast,British,1,15,4,430,True,True,True,1.9088,2.004,0.7986,487.6,763.5,17.81,149.81,14.21,8.52,75.18,1.44,145.5,621.3,20.38,1263.4,2.25,142.5,6.27,2.3,6.52
50,Fortified gluten-free cereal with mango,breakfast,British,1,30,4,430,True,True,True,1.9088,2.004,0.7986,487.6,524.5,15.33,85.47,14.34,5.62,23.66,1.44,120.5,570.3,18.75,687.4,1.98,116.5,6.27,36.4,6.52
51,Banana pea protein powder smoothie,breakfast,American,1,30,4,442,True,True,True,2.1652,2.1652,0.6092,334.9,416.58,36.58,46.98,11.05,8.68,25.58,1.66,385.1,415.35,3.9,994.56,2.62,139.29,4.38,13.12,1.23
52,Banana soy protein powder smoothie,breakfast,American,1,15,4,442,True,True,True,2.0246,2.2258,0.2497,1180.5,347.58,29.43,41.9,9.15,8.88,20.86,1.05,395.1,558.1,4.18,862.06,2.1,123.54,3.25,13.12,1.25
53,Banana peanut butter smoothie,breakfast,American,1,15,4,437,True,True,True,1.7991,2.0004,0.2197,1202.8,384.58,10.38,46.58,20.79,8.93,23.18,3.39,189.35,510.35,2.21,941.56,1.52,144.54,3.25,13.12,1.25
54,Banana firm tofu smoothie,breakfast,American,1,15,4,492,True,True,True,1.8986,1.8986,0.7422,387.0,347.78,18.9,41.95,14.78,10.27,19.03,1.87,116.3,925.75,4.23,1139.16,2.83,167.69,4.38,13.28,1.23
55,Blueberries pea protein powder smoothie,breakfast,American,1,25,4,442,True,True,True,2.1652,2.1652,0.6092,334.9,298.58,28.55,28.7,9.3,9.63,15.93,1.03,285.1,416.85,3.93,573.06,2.64,107.79,4.38,14.62,1.23
56,Blueberries soy protein powder smoothie,breakfast,American,1,25,4,442,True,True,True,2.0686,2.0686,0.6422,347.0,297.08,29.15,28.1,9.0,9.33,15.93,0.97,315.1,440.85,4.53,588.06,2.79,110.79,4.38,14.62,1.23
57,Blueberries peanut butter smoothie,breakfast,American,1,15,4,437,True,True,True,1.7718,1.7718,0.5122,319.3,416.58,11.36,48.28,22.14,10.13,26.0,3.56,109.35,351.85,2.54,677.56,2.39,128.04,6.0,14.62,0.95
58,Blueberries firm tofu smoothie,breakfast,American,1,30,4,492,True,True,True,1.8546,2.0558,0.3497,1220.5,302.28,18.12,30.7,14.93,9.22,17.15,1.69,196.3,1046.0,3.94,570.16,2.17,117.44,3.25,14.78,1.25
59,Strawberries pea protein powder smoothie,breakfast,American,1,5,4,442,True,True,True,2.0002,2.0002,0.6092,334.9,333.58,33.7,28.79,10.68,8.28,16.95,1.27,302.6,398.1,4.15,677.06,2.43,122.04,3.75,88.27,2.5
60,Strawberries soy protein powder smoothie,breakfast,American,1,10,4,442,True,True,True,1.9036,1.9036,0.6422,347.0,332.08,34.3,28.19,10.38,7.98,16.95,1.21,332.6,422.1,4.75,692.06,2.58,125.04,3.75,88.27,2.5
61,Strawberries peanut butter smoothie,breakfast,American,1,25,4,437,True,True,True,1.7991,2.0004,0.2197,1202.8,299.08,9.75,23.84,20.75,8.03,12.17,3.24,189.35,526.85,2.44,634.06,1.51,123.54,3.25,88.27,1.25
62,Strawberries firm tofu smoothie,breakfast,American,1,10,4,492,True,True,True,1.8986,1.8986,0.7422,387.0,262.28,18.27,19.21,14.74,9.37,8.02,1.72,116.3,942.25,4.46,831.66,2.81,146.69,4.38,88.43,1.23
63,Mango pea protein powder smoothie,breakfast,American,1,25,4,442,True,True,True,2.1652,2.1652,0.6092,334.9,373.08,36.17,35.19,11.13,7.18,27.73,1.63,385.1,424.35,3.75,709.56,2.53,113.79,4.38,54.67,1.23
64,Mango soy protein powder smoothie,breakfast,American,1,30,4,442,True,True,True,2.0686,2.0686,0.6422,347.0,301.58,29.27,28.84,9.08,8.13,21.48,1.07,315.1,448.35,4.35,724.56,2.68,116.79,4.38,54.67,1.23
65,Mango peanut butter smoothie,breakfast,American,1,15,4,437,True,True,True,1.8431,1.8431,0.6122,369.3,338.58,10.23,33.51,20.72,8.18,23.8,3.41,109.35,400.6,2.39,804.06,2.11,137.79,4.38,54.67,1.23
66,Mango firm tofu smoothie,breakfast,American,1,5,4,492,True,True,True,1.8986,1.8986,0.7422,387.0,304.28,18.49,30.16,14.86,8.77,21.18,1.84,116.3,934.75,4.08,854.16,2.74,142.19,4.38,54.83,1.23
67,Tofu scramble with spinach on toast,breakfast,British,1,10,6,366,True,True,False,1.5481,1.5481,0.494,219.7,497.02,41.54,37.5,24.09,11.05,4.28,3.07,355.2,1194.9,8.12,1281.1,4.79,201.6,0.14,21.44,9.23
68,Tofu scramble with kale on toast,breakfast,British,1,15,6,366,True,True,False,1.5481,1.5481,0.494,219.7,502.62,40.03,38.49,24.76,12.52,5.14,3.14,337.0,1308.3,7.18,1077.4,4.45,170.8,0.0,75.27,9.2
69,Tofu scramble with red bell pepper on toast,breakfast,British,1,20,6,366,True,True,False,1.5481,1.5481,0.494,219.7,511.72,38.84,43.44,23.86,11.47,8.51,3.06,302.0,1144.5,6.32,917.8,4.35,155.4,0.0,94.87,9.2
70,Banana chia pudding,breakfast,American,1,15,4,332,True,True,True,1.2837,1.2837,0.4846,277.6,343.1,11.15,51.08,12.47,13.06,25.56,1.51,101.14,452.04,3.4,713.74,2.21,157.32,3.0,8.31,2.0
71,Blueberries chia pudding,breakfast,American,1,10,4,332,True,True,True,1.4157,1.4157,0.4846,277.6,312.3,12.63,39.92,12.73,12.48,21.62,1.63,167.14,479.94,3.4,468.84,2.35,135.42,3.5,9.21,0.98
72,Mango chia pudding,breakfast,American,1,5,4,332,True,True,True,1.4157,1.4157,0.4846,277.6,315.0,12.7,40.36,12.77,11.76,24.95,1.68,167.14,484.44,3.29,550.74,2.29,139.02,3.5,33.24,0.98
73,Strawberries chia pudding,breakfast,American,1,10,4,332,True,True,True,1.3587,1.3587,0.4046,237.6,299.8,7.57,41.59,12.5,13.72,18.26,1.41,87.14,455.94,3.5,545.24,2.48,138.72,4.8,53.4,0.76
74,Firm tofu & brown rice bowl,main,British,1,15,6,592,True,True,False,1.9504,1.9641,1.3948,732.2,667.23,39.4,68.0,30.27,12.02,3.02,4.55,906.49,1383.42,7.68,1196.42,4.93,239.4,0.0,96.0,0.0
75,Tempeh & brown rice bowl,main,Middle Eastern,1,5,6,592,True,True,True,1.9549,1.9686,1.3738,742.7,829.98,45.05,82.07,40.45,8.28,4.15,7.63,70.54,256.02,7.26,1414.97,4.69,262.5,0.0,71.37,0.13
76,Chickpeas & brown rice bowl,main,Mediterranean,1,10,6,592,True,True,False,1.4313,1.445,1.2133,798.2,692.13,24.32,109.46,19.08,19.33,12.75,2.77,862.54,115.92,6.82,1075.82,4.52,194.1,0.0,54.34,0.0
77,Lentils & brown rice bowl,main,Mediterranean,1,15,6,592,True,True,True,1.4329,1.4465,1.1923,808.7,696.48,25.2,101.64,23.16,20.23,9.64,3.51,25.69,74.52,8.09,1270.22,4.73,180.15,0.0,130.37,0.0
78,Black beans & brown rice bowl,main,American,1,30,6,592,True,True,True,1.4299,1.4436,1.3738,858.2,735.48,27.54,106.3,24.72,24.34,3.82,3.79,77.14,315.42,7.16,1284.92,4.61,253.35,0.0,124.56,0.0
79,Firm tofu & white rice bowl,main,Asian,1,30,6,592,True,True,True,1.9549,1.9686,1.3738,742.7,763.48,40.68,76.19,36.62,9.97,2.54,5.25,81.19,1415.02,9.53,1087.82,5.01,183.15,0.0,96.63,0.0
80,Tempeh & white rice bowl,main,Middle Eastern,1,25,6,592,True,True,False,1.9504,1.9641,1.3948,732.2,761.83,43.79,84.2,31.21,4.87,2.96,6.16,880.84,262.42,8.32,1323.47,3.79,207.15,0.0,70.02,0.13
81,Chickpeas & white rice bowl,main,American,1,15,6,592,True,True,True,1.4358,1.4495,1.1923,808.7,801.88,25.01,121.49,25.38,17.54,13.83,3.48,84.04,170.02,8.74,1151.72,4.81,147.75,0.0,19.7,0.0
82,Lentils & white rice bowl,main,Middle Eastern,1,30,6,592,True,True,False,1.4284,1.442,1.2133,798.2,643.63,23.8,107.84,13.6,16.64,9.32,1.99,837.79,88.12,8.85,1095.92,3.61,115.8,0.0,21.46,0.0
83,Black beans & white rice bowl,main,Mediterranean,1,20,6,592,True,True,True,1.4299,1.4436,1.3738,858.2,767.08,26.61,116.92,23.02,22.15,5.79,3.36,119.14,346.12,8.55,1332.92,4.19,196.65,0.0,90.0,0.0
84,Firm tofu & quinoa bowl,main,Middle Eastern,1,15,6,592,True,True,True,1.9972,2.0108,0.8238,512.1,737.88,45.02,61.64,39.32,14.71,4.16,5.48,128.59,1289.12,11.12,1468.42,6.31,329.95,0.0,66.12,0.0
85,Tempeh & quinoa bowl,main,Asian,1,10,6,592,True,True,True,1.9972,2.0108,0.8238,512.1,827.88,50.97,69.94,43.69,12.54,3.18,7.68,154.54,559.52,12.34,1942.57,5.8,389.5,0.0,109.98,0.13
86,Chickpeas & quinoa bowl,main,Middle Eastern,1,15,6,592,True,True,True,1.4781,1.4917,0.6423,578.1,766.38,30.27,102.1,28.98,22.46,12.58,3.8,108.04,237.62,11.46,1643.02,6.25,315.25,0.0,40.4,0.0
87,Lentils & quinoa bowl,main,Middle Eastern,1,10,6,592,True,True,True,1.4751,1.4888,0.6423,578.1,693.48,30.84,91.66,25.38,22.69,10.45,3.46,32.29,99.02,10.34,1532.32,5.88,233.35,0.18,119.92,0.04
88,Black beans & quinoa bowl,main,Asian,1,30,6,592,True,True,False,1.4456,1.4593,0.8898,669.3,702.93,30.24,109.3,18.96,24.87,8.46,2.65,855.64,104.12,7.72,1353.52,5.09,298.9,0.0,44.82,0.0
89,Firm tofu & whole wheat pasta bowl,main,Mediterranean,1,25,6,592,True,True,False,1.9681,1.9818,0.8018,390.7,833.18,46.11,90.99,38.41,17.13,9.73,5.45,103.09,1227.22,9.36,1090.62,6.6,248.55,0.0,12.93,0.0
90,Tempeh & whole wheat pasta bowl,main,Indian,1,5,6,592,True,True,False,1.9636,1.9773,0.8228,380.2,810.83,49.66,91.41,33.94,11.31,7.89,6.45,855.94,246.52,8.96,1301.07,5.27,282.45,0.0,18.99,0.13
91,Chickpeas & whole wheat pasta bowl,main,Indian,1,20,6,592,True,True,False,1.427,1.4407,0.6653,508.9,911.18,36.1,137.48,30.68,27.67,14.55,4.09,74.44,362.02,11.13,1269.72,7.07,265.35,0.0,91.78,0.0
92,Lentils & whole wheat pasta bowl,main,Asian,1,30,6,592,True,True,False,1.4461,1.4597,0.6203,456.7,782.48,34.14,115.19,25.9,28.53,9.78,3.58,127.39,339.52,11.72,1490.22,6.3,232.95,0.0,92.47,0.0
93,Black beans & whole wheat pasta bowl,main,Mexican,1,30,6,592,True,True,False,1.4431,1.4568,0.8018,506.2,807.98,33.54,123.37,25.06,28.14,7.25,3.64,56.44,151.12,8.77,1261.02,6.05,276.45,0.0,65.7,0.0
94,Firm tofu & couscous bowl,main,British,1,10,6,592,True,True,False,1.9636,1.9773,0.8228,380.2,666.43,41.52,69.01,28.38,13.2,5.44,4.0,968.09,1407.92,7.22,1185.22,3.86,164.9,0.0,89.7,0.0
95,Tempeh & couscous bowl,main,Mediterranean,1,15,6,592,True,True,False,1.9681,1.9818,0.8018,390.7,792.28,48.03,72.6,38.8,6.67,2.14,7.15,105.14,327.32,8.79,1616.17,3.92,253.7,0.0,37.53,0.13
96,Chickpeas & couscous bowl,main,Indian,1,15,6,592,True,True,False,1.4445,1.4582,0.6413,446.2,698.53,27.31,111.93,17.17,20.24,13.27,2.28,887.24,160.22,6.68,1068.22,3.79,135.8,0.0,67.22,0.0
97,Lentils & couscous bowl,main,Indian,1,5,6,592,True,True,False,1.4461,1.4597,0.6203,456.7,689.38,29.39,99.2,21.37,20.33,7.38,3.02,94.49,180.02,9.69,1439.02,3.99,171.35,0.0,35.06,0.0
98,Black beans & couscous bowl,main,Mexican,1,25,6,592,True,True,False,1.4386,1.4523,0.8228,495.7,637.63,26.06,104.78,13.69,20.98,8.4,2.05,844.04,94.22,5.16,1100.02,2.93,164.0,0.0,121.59,0.0
99,Firm tofu & buckwheat groats bowl,main,Asian,1,15,6,592,True,True,True,1.9919,2.0056,0.7798,380.1,668.18,42.35,57.04,36.33,12.24,5.3,5.26,44.59,1182.52,7.66,1177.42,5.39,247.35,0.18,14.46,0.04
100,Tempeh & buckwheat groats bowl,main,American,1,20,6,592,True,True,True,1.9919,2.0056,0.7798,380.1,771.68,46.94,71.59,39.7,11.15,6.62,7.34,162.34,338.62,9.65,1732.57,4.61,342.0,0.0,31.23,0.13
101,Chickpeas & buckwheat groats bowl,main,Middle Eastern,1,10,6,592,True,True,False,1.4462,1.4599,0.6643,487.8,694.13,28.92,112.0,19.42,22.74,14.42,2.64,916.54,193.12,9.66,1437.52,5.03,297.0,0.0,32.39,0.0
102,Lentils & buckwheat groats bowl,main,British,1,10,6,592,True,True,True,1.4698,1.4835,0.5983,446.1,622.88,28.53,86.0,22.62,22.56,6.87,3.27,91.39,173.32,10.76,1611.22,4.9,274.05,0.0,40.01,0.0
103,Black beans & buckwheat groats bowl,main,American,1,15,6,592,True,True,True,1.4668,1.4805,0.7798,495.6,667.28,28.95,93.89,23.95,26.76,5.27,3.52,77.14,324.22,7.68,1289.32,4.39,279.75,0.0,124.56,0.0
104,Firm tofu & millet bowl,main,Middle Eastern,1,5,6,592,True,True,True,1.9919,2.0056,0.7798,380.1,761.78,42.45,72.27,37.97,12.58,4.99,5.43,84.29,1404.12,8.13,1041.02,5.79,245.45,0.0,91.68,0.0
105,Tempeh & millet bowl,main,American,1,20,6,592,True,True,False,1.9874,2.0011,0.8008,369.6,744.83,46.71,73.1,33.85,8.74,3.11,6.46,904.64,437.82,7.85,1322.57,4.52,279.35,0.0,123.93,0.13
106,Chickpeas & millet bowl,main,Asian,1,15,6,592,True,True,False,1.4683,1.482,0.6193,435.6,706.73,25.29,112.11,19.04,19.93,16.31,2.57,905.84,128.52,7.1,1159.82,5.1,208.7,0.0,122.39,0.0
107,Lentils & millet bowl,main,Indian,1,20,6,592,True,True,False,1.4653,1.479,0.6193,435.6,634.73,26.96,100.9,15.37,20.52,8.38,2.24,872.39,99.72,7.96,1205.72,4.79,195.2,0.0,67.55,0.0
108,Black beans & millet bowl,main,Middle Eastern,1,10,6,592,True,True,False,1.4624,1.476,0.8008,485.1,645.83,28.76,99.18,16.87,23.01,2.14,2.49,949.04,373.92,9.01,1602.92,4.81,324.2,0.0,109.35,0.0
109,Lentils curry with brown rice,main,Indian,1,15,5,612,True,True,True,1.3439,1.3439,1.091,761.1,633.38,28.21,97.98,16.49,24.73,6.94,1.74,67.8,317.6,10.03,1550.3,4.74,201.7,0.0,109.45,0.0
110,Lentils curry with white rice,main,Indian,1,10,5,612,True,True,True,1.3439,1.3439,1.091,761.1,637.68,26.18,104.52,13.99,20.45,9.79,1.27,13.1,83.9,10.07,1316.4,4.18,129.4,0.0,143.75,0.0
111,Lentils curry with quinoa,main,Indian,1,15,5,612,True,True,True,1.3804,1.3804,0.616,562.0,630.68,31.1,91.05,18.14,27.21,9.05,1.64,75.5,336.2,11.69,1686.7,5.3,241.2,0.0,110.25,0.0
112,Chickpeas curry with brown rice,main,Indian,1,10,5,612,True,True,True,1.3477,1.3477,1.091,761.1,728.18,25.68,116.1,19.78,22.3,17.37,2.03,31.3,125.6,7.83,1222.5,4.98,197.9,0.0,144.13,0.0
113,Chickpeas curry with white rice,main,Indian,1,15,5,612,True,True,True,1.3477,1.3477,1.091,761.1,734.48,27.95,117.06,18.67,18.72,13.87,1.72,24.6,142.9,9.22,1259.6,4.99,151.6,0.2,17.73,0.04
114,Chickpeas curry with quinoa,main,Indian,1,5,5,612,True,True,True,1.3842,1.3842,0.616,562.0,716.48,29.95,104.85,21.9,24.58,15.52,2.03,46.0,169.2,9.59,1343.9,5.78,250.4,0.0,59.93,0.0
115,Black beans curry with brown rice,main,Indian,1,15,5,612,True,True,True,1.3156,1.3156,1.372,882.1,727.98,28.36,122.06,16.84,24.71,7.38,1.94,13.7,83.4,6.29,1390.9,4.65,266.1,0.0,18.4,0.0
116,Black beans curry with white rice,main,Indian,1,10,5,612,True,True,True,1.3156,1.3156,1.372,882.1,761.28,30.05,128.71,16.66,25.53,6.3,1.7,58.0,332.7,8.74,1378.0,4.29,228.8,0.0,98.9,0.0
117,Black beans curry with quinoa,main,Indian,1,10,5,612,True,True,True,1.3766,1.3766,0.847,625.0,672.28,30.88,100.71,18.57,29.79,7.52,1.85,72.4,350.0,9.27,1631.3,5.06,313.6,0.0,221.1,0.0
118,Kidney beans curry with brown rice,main,Indian,1,15,5,612,True,True,True,1.3401,1.3401,1.322,824.1,656.48,26.93,106.35,15.66,22.88,4.23,1.68,55.8,122.5,8.28,1566.7,4.38,208.6,0.0,80.32,0.0
119,Kidney beans curry with white rice,main,Indian,1,15,5,612,True,True,True,1.3401,1.3401,1.322,824.1,668.78,26.15,111.54,14.33,20.7,7.05,1.31,25.1,100.8,9.2,1265.8,3.6,138.3,0.0,174.52,0.0
120,Kidney beans curry with quinoa,main,Indian,1,15,5,612,True,True,True,1.3766,1.3766,0.847,625.0,659.78,28.38,101.82,17.14,24.86,9.7,1.53,91.5,134.1,9.58,1730.1,4.73,239.1,0.0,22.12,0.0
121,Firm tofu stir-fry with brown rice,main,Asian,1,15,6,594,True,True,False,2.0482,2.0482,1.283,661.3,625.72,41.66,60.25,28.32,9.29,4.2,3.63,809.82,1260.72,6.93,1232.9,5.15,216.86,0.2,15.36,0.04
122,Firm tofu stir-fry with white rice,main,Asian,1,25,6,594,True,True,False,2.0482,2.0482,1.283,661.3,660.02,43.12,67.27,28.19,11.31,1.56,3.4,928.12,1606.02,11.58,1460.0,4.8,249.56,0.0,121.86,0.0
123,Firm tofu stir-fry with buckwheat groats,main,Asian,1,5,6,594,True,True,False,2.0802,2.0802,0.77,348.2,578.82,42.5,53.24,27.64,13.68,6.39,3.39,884.82,1353.32,9.65,1423.7,4.89,302.66,0.0,156.16,0.0
124,Tempeh stir-fry with brown rice,main,Asian,1,15,6,594,True,True,False,2.0482,2.0482,1.283,661.3,728.12,46.13,74.11,31.97,7.65,4.53,5.92,838.82,260.12,7.07,1495.9,4.14,262.26,0.0,78.6,0.14
125,Tempeh stir-fry with white rice,main,Asian,1,25,6,594,True,True,False,2.0482,2.0482,1.283,661.3,745.42,48.24,78.41,30.8,5.17,3.52,5.59,833.12,266.42,8.51,1480.0,4.07,208.96,0.2,67.0,0.18
126,Tempeh stir-fry with buckwheat groats,main,Asian,1,10,6,594,True,True,False,2.0802,2.0802,0.77,348.2,654.22,48.08,58.65,31.45,8.44,3.9,5.71,874.82,334.72,9.66,1791.7,4.19,351.06,0.0,41.0,0.14
127,Lentils pasta with spinach,main,Mediterranean,1,10,5,602,True,True,False,1.3482,1.3619,0.6178,429.0,651.98,30.43,104.67,16.94,23.97,8.15,2.36,89.64,159.32,11.64,1575.12,5.55,258.2,0.0,45.35,0.0
128,Lentils pasta with mushroom,main,Mediterranean,1,10,5,602,True,True,False,1.3482,1.3619,0.6178,429.0,651.08,30.63,104.34,16.9,22.89,9.55,2.35,23.04,72.92,9.65,1359.12,5.54,195.2,0.18,21.95,0.04
129,Lentils pasta with broccoli,main,Mediterranean,1,5,5,602,True,True,False,1.3482,1.3619,0.6178,429.0,662.78,29.99,107.87,16.96,24.96,9.02,2.38,55.44,106.22,9.8,1336.62,5.48,206.0,0.0,78.47,0.0
130,Firm tofu pasta with spinach,main,Mediterranean,1,20,5,602,True,True,False,1.8228,1.8365,0.7828,369.0,693.98,42.8,78.65,29.45,15.57,5.45,4.18,107.64,1155.32,10.63,1377.12,6.0,291.2,0.0,43.4,0.0
131,Firm tofu pasta with mushroom,main,Mediterranean,1,10,5,602,True,True,False,1.8228,1.8365,0.7828,369.0,693.08,43.01,78.32,29.41,14.49,6.85,4.16,41.04,1068.92,8.64,1161.12,5.99,228.2,0.18,20.0,0.04
132,Firm tofu pasta with broccoli,main,Mediterranean,1,25,5,602,True,True,False,1.8228,1.8365,0.7828,369.0,704.78,42.37,81.84,29.47,16.56,6.32,4.19,73.44,1102.22,8.8,1138.62,5.93,239.0,0.0,76.52,0.0
133,Chickpeas pasta with spinach,main,Mediterranean,1,10,5,602,True,True,False,1.3509,1.3646,0.6178,429.0,723.98,30.19,115.61,20.26,23.52,12.65,2.69,97.14,204.32,10.98,1458.12,5.94,276.2,0.0,45.05,0.0
134,Chickpeas pasta with mushroom,main,Mediterranean,1,5,5,602,True,True,False,1.3509,1.3646,0.6178,429.0,723.08,30.39,115.28,20.21,22.44,14.05,2.68,30.54,117.92,8.99,1242.12,5.93,213.2,0.18,21.65,0.04
135,Chickpeas pasta with broccoli,main,Mediterranean,1,15,5,602,True,True,False,1.3509,1.3646,0.6178,429.0,734.78,29.75,118.8,20.28,24.51,13.52,2.7,62.94,151.22,9.14,1219.62,5.87,224.0,0.0,78.17,0.0
136,Chickpeas spinach salad,main,Mediterranean,1,15,5,469,True,True,True,1.6324,1.6483,0.3776,375.5,612.21,29.07,61.32,31.75,19.88,11.81,4.71,152.93,276.14,12.31,1864.39,5.74,377.5,0.0,61.55,0.0
137,Firm tofu spinach salad,main,Mediterranean,1,10,6,469,True,True,True,2.218,2.353,0.6114,415.8,676.76,40.94,36.15,47.74,11.96,8.45,5.97,153.08,1371.94,8.63,1469.59,4.76,245.4,0.0,35.1,0.0
138,Kidney beans spinach salad,main,Mediterranean,1,10,6,469,True,True,True,1.6259,1.6418,0.5756,429.5,539.21,27.35,52.25,27.96,18.56,4.78,4.36,83.13,173.54,10.53,1830.79,4.76,324.1,0.0,49.21,0.0
139,Chickpeas kale salad,main,Mediterranean,1,25,6,469,True,True,True,1.6324,1.6483,0.3776,375.5,657.26,26.42,71.74,33.39,24.4,15.09,3.78,150.83,394.84,8.81,1488.79,4.91,223.75,0.0,143.39,0.0
140,Firm tofu kale salad,main,Mediterranean,1,20,6,469,True,True,True,2.2376,2.3726,0.5713,369.4,624.36,41.71,21.06,47.98,13.91,2.99,6.01,169.68,1593.84,9.74,1530.99,4.73,253.6,0.0,159.15,0.0
141,Kidney beans kale salad,main,Mediterranean,1,10,6,469,True,True,True,1.6259,1.6418,0.5756,429.5,588.41,27.42,62.83,28.78,22.11,9.0,4.45,111.73,335.44,9.42,1613.79,4.56,276.3,0.0,97.33,0.0
142,Almonds and apple,snack,American,1,10,2,110,True,True,True,0.8022,0.9449,0.0529,180.0,215.3,6.55,17.51,15.11,5.67,9.62,1.16,1.1,85.5,1.21,305.5,0.97,85.0,0.0,3.68,0.0
143,Almonds and banana,snack,American,1,25,2,110,True,True,True,0.8022,0.9449,0.0529,180.0,244.9,7.22,24.74,15.24,5.83,11.09,1.23,1.1,84.7,1.32,506.3,1.06,102.6,0.0,6.96,0.0
144,Almonds and raisins,snack,American,1,5,2,110,True,True,True,0.8022,0.9449,0.0529,180.0,412.9,8.98,69.92,15.18,7.35,53.45,1.22,21.1,130.3,2.54,815.1,1.22,109.8,0.0,1.84,0.0
145,Walnuts and apple,snack,American,1,30,2,110,True,True,True,0.8022,0.9449,0.0529,180.0,237.8,4.78,15.16,19.7,3.93,9.1,1.86,1.4,34.2,0.97,217.9,0.96,51.4,0.0,4.07,0.0
146,Walnuts and banana,snack,American,1,15,2,110,True,True,True,0.8022,0.9449,0.0529,180.0,267.4,5.44,22.39,19.83,4.09,10.57,1.93,1.4,33.4,1.08,418.7,1.05,69.0,0.0,7.35,0.0
147,Walnuts and raisins,snack,American,1,15,2,110,True,True,True,0.8022,0.9449,0.0529,180.0,435.4,7.21,67.57,19.76,5.61,52.93,1.91,21.4,79.0,2.31,727.5,1.21,76.2,0.0,2.23,0.0
148,Cashews and apple,snack,American,1,30,2,110,True,True,True,0.8022,0.9449,0.0529,180.0,207.5,5.67,20.11,13.29,2.91,10.09,2.36,4.4,15.9,2.1,283.6,1.77,91.6,0.0,3.83,0.0
149,Cashews and banana,snack,American,1,20,2,110,True,True,True,0.8022,0.9449,0.0529,180.0,237.1,6.34,27.33,13.42,3.07,11.56,2.42,4.4,15.1,2.21,484.4,1.85,109.2,0.0,7.11,0.0
150,Cashews and raisins,snack,American,1,15,2,110,True,True,True,0.8022,0.9449,0.0529,180.0,405.1,8.11,72.51,13.35,4.59,53.92,2.41,24.4,60.7,3.44,793.2,2.02,116.4,0.0,1.99,0.0
151,Pumpkin seeds and apple,snack,American,1,15,2,110,True,True,True,0.7554,0.7554,0.058,101.0,209.3,9.28,14.26,14.85,3.72,8.73,2.62,2.9,18.6,2.74,328.3,2.38,181.6,0.0,4.25,0.0
152,Pumpkin seeds and banana,snack,American,1,15,2,110,True,True,True,0.7554,0.7554,0.058,101.0,238.9,9.94,21.49,14.98,3.88,10.2,2.69,2.9,17.8,2.85,529.1,2.46,199.2,0.0,7.53,0.0
153,Pumpkin seeds and raisins,snack,American,1,5,2,110,True,True,True,0.7554,0.7554,0.058,101.0,406.9,11.71,66.67,14.91,5.4,52.56,2.67,22.9,63.4,4.08,837.9,2.63,206.4,0.0,2.41,0.0
154,Peanut butter toast with banana,snack,American,1,15,3,130,True,True,False,0.5762,0.5762,0.124,111.4,299.0,11.32,39.52,12.22,5.56,11.61,2.49,231.5,93.3,1.74,453.4,1.48,87.3,0.0,5.22,0.0
155,Peanut butter toast with apple,snack,American,1,25,3,130,True,True,False,0.5762,0.5762,0.124,111.4,276.8,10.82,34.1,12.12,5.44,10.5,2.44,231.5,93.9,1.66,302.8,1.41,74.1,0.0,2.76,0.0
156,Peanut butter toast with strawberries,snack,American,1,20,3,130,True,True,False,0.5762,0.5762,0.124,111.4,264.8,11.07,30.43,12.2,5.2,7.2,2.44,231.5,99.9,1.83,330.4,1.47,78.9,0.0,35.28,0.0
157,Hummus with carrot,snack,Middle Eastern,1,15,4,213,True,True,True,0.7647,0.7738,0.1832,186.5,348.12,11.51,37.48,18.52,10.34,9.06,2.49,80.71,98.33,3.61,650.83,2.31,69.45,0.0,7.7,0.0
158,Hummus with red bell pepper,snack,Middle Eastern,1,10,4,213,True,True,True,0.7647,0.7738,0.1832,186.5,333.12,11.57,33.93,18.58,9.64,8.52,2.52,15.71,72.33,3.74,541.83,2.32,69.45,0.0,129.5,0.0
159,Hummus with cauliflower,snack,Middle Eastern,1,15,4,213,True,True,True,0.7647,0.7738,0.1832,186.5,330.12,12.42,32.01,18.73,9.84,6.4,2.53,26.71,81.33,3.63,472.83,2.24,66.45,0.0,46.1,0.0
160,Cocoa almonds energy balls,snack,American,1,20,4,96,True,True,True,0.5696,0.7428,0.1906,146.7,353.98,10.07,58.08,12.82,10.43,27.86,1.58,3.66,102.68,3.21,625.04,2.3,146.94,0.0,0.0,0.0
161,Cocoa cashews energy balls,snack,American,1,25,4,96,True,True,True,0.5696,0.7428,0.1906,146.7,348.78,9.49,59.81,11.61,8.59,28.17,2.37,5.86,56.28,3.8,610.44,2.83,151.34,0.0,0.1,0.0
162,Cocoa peanut butter energy balls,snack,American,1,20,4,96,True,True,True,0.528,0.6061,0.206,101.0,357.78,10.29,58.23,13.11,8.93,29.09,2.88,6.86,58.68,2.81,590.04,2.18,126.54,0.0,0.0,0.0
163,Banana protein shake,snack,American,1,5,2,330,True,True,True,1.8264,1.8264,0.54,256.0,283.7,18.37,38.27,7.26,5.08,19.78,1.34,175.8,379.0,6.21,786.4,7.62,146.6,7.5,29.46,1.5
164,Blueberries protein shake,snack,American,1,10,2,330,True,True,True,1.8264,1.8264,0.54,256.0,258.1,18.09,31.59,7.26,4.92,17.97,1.27,175.8,379.8,6.22,561.6,7.63,129.8,7.5,30.26,1.5
165,Mango protein shake,snack,American,1,15,2,330,True,True,True,1.8264,1.8264,0.54,256.0,260.5,18.16,31.98,7.3,4.28,20.93,1.32,175.8,383.8,6.13,634.4,7.57,133.0,7.5,51.62,1.5
166,Overnight oats with blueberries,snack,British,1,15,4,300,True,True,True,0.9896,1.1345,0.1714,833.1,234.9,6.91,38.47,7.02,8.75,9.72,0.83,133.8,414.7,2.78,331.5,1.79,90.5,2.34,7.92,0.9
167,Overnight oats with strawberries,snack,British,1,10,4,300,True,True,True,0.9025,0.9025,0.454,233.0,265.3,10.81,39.52,7.92,8.43,10.78,1.05,88.8,312.9,3.13,491.3,2.13,112.3,2.7,47.2,1.8
168,Overnight oats with banana,snack,British,1,25,4,300,True,True,True,1.0213,1.0213,0.454,233.0,258.7,7.37,44.23,6.91,9.45,10.44,0.94,76.2,328.4,2.99,662.5,2.26,120.8,3.15,7.12,0.88
